-- MySQL dump 10.16  Distrib 10.1.21-MariaDB, for Win32 (AMD64)
--
-- Host: localhost    Database: localhost
-- ------------------------------------------------------
-- Server version	10.1.21-MariaDB

/*!40101 SET @OLD_CHARACTER_SET_CLIENT=@@CHARACTER_SET_CLIENT */;
/*!40101 SET @OLD_CHARACTER_SET_RESULTS=@@CHARACTER_SET_RESULTS */;
/*!40101 SET @OLD_COLLATION_CONNECTION=@@COLLATION_CONNECTION */;
/*!40101 SET NAMES utf8 */;
/*!40103 SET @OLD_TIME_ZONE=@@TIME_ZONE */;
/*!40103 SET TIME_ZONE='+00:00' */;
/*!40014 SET @OLD_UNIQUE_CHECKS=@@UNIQUE_CHECKS, UNIQUE_CHECKS=0 */;
/*!40014 SET @OLD_FOREIGN_KEY_CHECKS=@@FOREIGN_KEY_CHECKS, FOREIGN_KEY_CHECKS=0 */;
/*!40101 SET @OLD_SQL_MODE=@@SQL_MODE, SQL_MODE='NO_AUTO_VALUE_ON_ZERO' */;
/*!40111 SET @OLD_SQL_NOTES=@@SQL_NOTES, SQL_NOTES=0 */;

--
-- Table structure for table `categories`
--

DROP TABLE IF EXISTS `categories`;
/*!40101 SET @saved_cs_client     = @@character_set_client */;
/*!40101 SET character_set_client = utf8 */;
CREATE TABLE `categories` (
  `id` bigint(20) unsigned NOT NULL AUTO_INCREMENT,
  `name` varchar(255) NOT NULL,
  `created_at` timestamp NOT NULL DEFAULT CURRENT_TIMESTAMP,
  `updated_at` timestamp NOT NULL DEFAULT CURRENT_TIMESTAMP ON UPDATE CURRENT_TIMESTAMP,
  PRIMARY KEY (`id`)
) ENGINE=InnoDB AUTO_INCREMENT=3 DEFAULT CHARSET=utf8mb4;
/*!40101 SET character_set_client = @saved_cs_client */;

--
-- Dumping data for table `categories`
--

LOCK TABLES `categories` WRITE;
/*!40000 ALTER TABLE `categories` DISABLE KEYS */;
INSERT INTO `categories` VALUES (1,'DEALS','2019-12-23 04:15:59','2019-12-23 11:32:44'),(2,'FRIED CHICKEN','2019-12-23 04:16:29','2019-12-23 11:32:24');
/*!40000 ALTER TABLE `categories` ENABLE KEYS */;
UNLOCK TABLES;

--
-- Table structure for table `kehadiran`
--

DROP TABLE IF EXISTS `kehadiran`;
/*!40101 SET @saved_cs_client     = @@character_set_client */;
/*!40101 SET character_set_client = utf8 */;
CREATE TABLE `kehadiran` (
  `id` bigint(20) unsigned NOT NULL AUTO_INCREMENT,
  `npm` varchar(255) NOT NULL,
  `date` date NOT NULL,
  `created_at` timestamp NOT NULL DEFAULT CURRENT_TIMESTAMP,
  `updated_at` timestamp NOT NULL DEFAULT CURRENT_TIMESTAMP ON UPDATE CURRENT_TIMESTAMP,
  PRIMARY KEY (`id`)
) ENGINE=InnoDB AUTO_INCREMENT=16 DEFAULT CHARSET=utf8mb4;
/*!40101 SET character_set_client = @saved_cs_client */;

--
-- Dumping data for table `kehadiran`
--

LOCK TABLES `kehadiran` WRITE;
/*!40000 ALTER TABLE `kehadiran` DISABLE KEYS */;
INSERT INTO `kehadiran` VALUES (1,'100200','2019-12-21','2019-12-25 14:13:08','2019-12-25 14:13:08'),(2,'100200','2019-12-22','2019-12-25 14:13:08','2019-12-25 14:13:08'),(3,'100200','2019-12-23','2019-12-25 14:13:08','2019-12-25 14:13:08'),(4,'100200','2019-12-24','2019-12-25 14:13:08','2019-12-25 14:13:08'),(5,'100200','2019-12-25','2019-12-25 14:13:08','2019-12-25 14:13:08'),(6,'100200','2019-11-01','2019-12-25 14:13:08','2019-12-25 14:13:08'),(7,'100200','2019-11-02','2019-12-25 14:13:08','2019-12-25 14:13:08'),(8,'100200','2019-11-03','2019-12-25 14:13:08','2019-12-25 14:13:08'),(9,'100201','2019-12-21','2019-12-25 14:13:08','2019-12-25 14:13:08'),(10,'100201','2019-12-22','2019-12-25 14:13:08','2019-12-25 14:13:08'),(13,'100201','2019-12-25','2019-12-25 14:13:08','2019-12-25 14:13:08'),(14,'100201','2019-11-01','2019-12-25 14:13:08','2019-12-25 14:13:08'),(15,'100201','2019-11-02','2019-12-25 14:13:08','2019-12-25 14:13:08');
/*!40000 ALTER TABLE `kehadiran` ENABLE KEYS */;
UNLOCK TABLES;

--
-- Table structure for table `order_products`
--

DROP TABLE IF EXISTS `order_products`;
/*!40101 SET @saved_cs_client     = @@character_set_client */;
/*!40101 SET character_set_client = utf8 */;
CREATE TABLE `order_products` (
  `id_order` bigint(20) unsigned NOT NULL,
  `id_product` bigint(20) unsigned NOT NULL,
  `qty` int(11) NOT NULL,
  PRIMARY KEY (`id_order`,`id_product`),
  KEY `FK_OrderProducts_Products_idx` (`id_product`),
  CONSTRAINT `FK_OrderProducts_Orders` FOREIGN KEY (`id_order`) REFERENCES `orders` (`id`) ON DELETE CASCADE ON UPDATE CASCADE,
  CONSTRAINT `FK_OrderProducts_Products` FOREIGN KEY (`id_product`) REFERENCES `products` (`id`) ON UPDATE CASCADE
) ENGINE=InnoDB DEFAULT CHARSET=utf8mb4;
/*!40101 SET character_set_client = @saved_cs_client */;

--
-- Dumping data for table `order_products`
--

LOCK TABLES `order_products` WRITE;
/*!40000 ALTER TABLE `order_products` DISABLE KEYS */;
INSERT INTO `order_products` VALUES (6,1,1),(6,2,2),(12,1,1),(12,3,1),(13,2,1),(13,5,1),(14,2,1),(14,5,1),(15,1,1),(15,2,2),(15,5,1),(22,2,1),(22,5,1),(24,1,2),(25,1,2),(26,3,1),(26,9,1),(27,1,1),(27,4,2),(28,2,2),(29,5,2),(30,6,1),(30,8,1),(31,1,4),(34,6,1),(34,8,1),(35,5,4),(36,4,3),(37,2,2),(38,1,2),(39,2,2),(40,3,4),(41,4,2),(42,6,3),(43,7,1),(43,9,1),(44,1,1),(44,2,1),(45,3,2),(46,4,1),(46,5,1),(47,8,2),(48,1,2),(49,2,2),(50,4,4),(51,3,2),(52,5,4),(53,1,1),(53,4,1),(54,2,2),(55,6,1),(55,8,1),(56,6,4),(57,8,2),(58,1,2),(59,2,4),(60,3,2),(61,5,4),(62,1,1),(62,4,1),(63,1,2),(64,2,2),(65,3,2),(66,1,1),(66,4,1),(67,5,4),(68,1,2),(69,1,2),(70,1,1),(70,3,1),(71,1,1),(71,4,1),(72,1,2),(73,2,2),(74,1,1),(74,3,1),(75,1,1),(75,3,1),(76,1,1),(76,3,1),(77,1,2),(78,5,4),(79,1,1),(79,3,1),(81,1,2),(82,1,2),(82,4,1);
/*!40000 ALTER TABLE `order_products` ENABLE KEYS */;
UNLOCK TABLES;

--
-- Table structure for table `orders`
--

DROP TABLE IF EXISTS `orders`;
/*!40101 SET @saved_cs_client     = @@character_set_client */;
/*!40101 SET character_set_client = utf8 */;
CREATE TABLE `orders` (
  `id` bigint(20) unsigned NOT NULL AUTO_INCREMENT,
  `id_user` bigint(20) unsigned NOT NULL,
  `date` datetime NOT NULL DEFAULT CURRENT_TIMESTAMP,
  `subtotal` decimal(10,0) NOT NULL,
  `ppn` decimal(10,0) NOT NULL,
  `total` decimal(10,0) NOT NULL,
  `paid` decimal(10,0) NOT NULL,
  `change` decimal(10,0) NOT NULL,
  `created_at` timestamp NOT NULL DEFAULT CURRENT_TIMESTAMP,
  `updated_at` timestamp NOT NULL DEFAULT CURRENT_TIMESTAMP ON UPDATE CURRENT_TIMESTAMP,
  PRIMARY KEY (`id`),
  KEY `FK_Orders_Users_idx` (`id_user`),
  CONSTRAINT `FK_Orders_Users` FOREIGN KEY (`id_user`) REFERENCES `users` (`id`) ON UPDATE CASCADE
) ENGINE=InnoDB AUTO_INCREMENT=83 DEFAULT CHARSET=utf8mb4;
/*!40101 SET character_set_client = @saved_cs_client */;

--
-- Dumping data for table `orders`
--

LOCK TABLES `orders` WRITE;
/*!40000 ALTER TABLE `orders` DISABLE KEYS */;
INSERT INTO `orders` VALUES (1,1,'2019-12-23 11:01:09',100000,10000,110000,110000,0,'2019-12-23 04:01:09','2019-12-26 04:39:36'),(6,1,'2019-12-24 00:49:13',75000,7500,82500,100000,17500,'2019-12-23 17:49:13','2019-12-26 04:39:36'),(12,1,'2019-12-25 13:28:59',50000,5000,55000,60000,5000,'2019-12-25 06:28:59','2019-12-26 04:39:36'),(13,1,'2019-12-25 13:32:19',50000,5000,55000,70000,15000,'2019-12-25 06:32:19','2019-12-26 04:39:36'),(14,1,'2019-12-25 13:34:39',50000,5000,55000,100000,45000,'2019-12-25 06:34:39','2019-12-26 04:39:36'),(15,1,'2019-12-25 13:36:01',100000,10000,110000,120000,10000,'2019-12-25 06:36:01','2019-12-26 04:39:36'),(22,1,'2019-12-26 13:54:49',50000,5000,55000,60000,5000,'2019-12-26 06:54:49','2019-12-26 06:54:49'),(24,1,'2019-12-26 16:29:15',50000,5000,55000,60000,5000,'2019-12-26 09:29:15','2019-12-26 09:29:15'),(25,2,'2019-12-27 07:51:58',50000,5000,55000,60000,5000,'2019-12-27 00:51:58','2019-12-27 00:51:58'),(26,2,'2019-12-27 07:52:18',50000,5000,55000,60000,5000,'2019-12-27 00:52:18','2019-12-27 00:52:18'),(27,2,'2019-12-27 07:52:33',75000,7500,82500,100000,17500,'2019-12-27 00:52:33','2019-12-27 00:52:33'),(28,2,'2019-12-27 07:52:48',50000,5000,55000,60000,5000,'2019-12-27 00:52:48','2019-12-27 00:52:48'),(29,2,'2019-12-27 07:52:59',50000,5000,55000,60000,5000,'2019-12-27 00:52:59','2019-12-27 00:52:59'),(30,2,'2019-12-27 07:53:30',60000,6000,66000,70000,4000,'2019-12-27 00:53:30','2019-12-27 00:53:30'),(31,2,'2019-12-27 07:53:46',100000,10000,110000,110000,0,'2019-12-27 00:53:46','2019-12-27 00:53:46'),(34,2,'2019-12-27 07:54:34',60000,6000,66000,70000,4000,'2019-12-27 00:54:34','2019-12-27 00:54:34'),(35,2,'2019-12-27 07:54:46',100000,10000,110000,120000,10000,'2019-12-27 00:54:46','2019-12-27 00:54:46'),(36,2,'2019-12-27 07:55:38',75000,7500,82500,100000,17500,'2019-12-27 00:55:38','2019-12-27 00:55:38'),(37,2,'2019-12-27 07:55:49',50000,5000,55000,60000,5000,'2019-12-27 00:55:49','2019-12-27 00:55:49'),(38,2,'2019-12-27 07:56:31',50000,5000,55000,60000,5000,'2019-12-27 00:56:31','2019-12-27 00:56:31'),(39,2,'2019-12-27 07:56:45',50000,5000,55000,60000,5000,'2019-12-27 00:56:45','2019-12-27 00:56:45'),(40,2,'2019-12-26 07:56:54',100000,10000,110000,110000,0,'2019-12-27 00:56:54','2019-12-27 01:01:30'),(41,2,'2019-12-26 07:57:06',50000,5000,55000,60000,5000,'2019-12-27 00:57:06','2019-12-27 01:01:30'),(42,2,'2019-12-26 07:57:22',90000,9000,99000,100000,1000,'2019-12-27 00:57:22','2019-12-27 01:01:30'),(43,2,'2019-12-26 07:57:37',50000,5000,55000,60000,5000,'2019-12-27 00:57:37','2019-12-27 01:01:30'),(44,2,'2019-12-26 07:59:15',50000,5000,55000,60000,5000,'2019-12-27 00:59:15','2019-12-27 01:01:30'),(45,2,'2019-12-26 07:59:31',50000,5000,55000,60000,5000,'2019-12-27 00:59:31','2019-12-27 01:01:30'),(46,2,'2019-12-26 07:59:46',50000,5000,55000,60000,5000,'2019-12-27 00:59:46','2019-12-27 01:01:30'),(47,2,'2019-12-26 07:59:58',60000,6000,66000,70000,4000,'2019-12-27 00:59:58','2019-12-27 01:01:30'),(48,2,'2019-11-27 08:02:04',50000,5000,55000,60000,5000,'2019-12-27 01:02:04','2019-12-27 01:05:17'),(49,2,'2019-11-27 08:02:17',50000,5000,55000,60000,5000,'2019-12-27 01:02:17','2019-12-27 01:05:17'),(50,2,'2019-11-27 08:02:27',100000,10000,110000,110000,0,'2019-12-27 01:02:27','2019-12-27 01:05:17'),(51,2,'2019-11-27 08:02:38',50000,5000,55000,60000,5000,'2019-12-27 01:02:38','2019-12-27 01:05:17'),(52,2,'2019-11-27 08:02:47',100000,10000,110000,110000,0,'2019-12-27 01:02:47','2019-12-27 01:05:17'),(53,2,'2019-11-27 08:02:59',50000,5000,55000,60000,5000,'2019-12-27 01:02:58','2019-12-27 01:05:17'),(54,2,'2019-11-27 08:03:28',50000,5000,55000,60000,5000,'2019-12-27 01:03:28','2019-12-27 01:05:17'),(55,2,'2019-11-27 08:03:40',60000,6000,66000,70000,4000,'2019-12-27 01:03:40','2019-12-27 01:05:17'),(56,2,'2019-11-27 08:04:01',120000,12000,132000,140000,8000,'2019-12-27 01:04:01','2019-12-27 01:05:17'),(57,2,'2019-11-27 08:04:10',60000,6000,66000,70000,4000,'2019-12-27 01:04:10','2019-12-27 01:05:17'),(58,2,'2019-11-28 08:20:42',50000,5000,55000,60000,5000,'2019-12-27 01:20:42','2019-12-27 01:22:45'),(59,2,'2019-11-28 08:20:52',100000,10000,110000,110000,0,'2019-12-27 01:20:52','2019-12-27 01:22:45'),(60,2,'2019-11-28 08:21:00',50000,5000,55000,60000,5000,'2019-12-27 01:21:00','2019-12-27 01:22:45'),(61,2,'2019-11-28 08:21:09',100000,10000,110000,120000,10000,'2019-12-27 01:21:09','2019-12-27 01:22:45'),(62,2,'2019-11-28 08:21:18',50000,5000,55000,60000,5000,'2019-12-27 01:21:18','2019-12-27 01:22:45'),(63,2,'2018-12-27 08:44:23',50000,5000,55000,60000,5000,'2019-12-27 01:44:23','2019-12-27 01:45:50'),(64,2,'2018-12-27 08:44:31',50000,5000,55000,60000,5000,'2019-12-27 01:44:31','2019-12-27 01:45:50'),(65,2,'2018-12-27 08:44:46',50000,5000,55000,60000,5000,'2019-12-27 01:44:46','2019-12-27 01:45:50'),(66,2,'2018-12-27 08:45:00',50000,5000,55000,60000,5000,'2019-12-27 01:45:00','2019-12-27 01:45:50'),(67,2,'2018-12-27 08:45:09',100000,10000,110000,110000,0,'2019-12-27 01:45:09','2019-12-27 01:45:50'),(68,1,'2019-12-27 16:21:19',50000,5000,55000,60000,5000,'2019-12-27 09:21:19','2019-12-27 09:21:19'),(69,1,'2019-12-27 16:21:53',50000,5000,55000,60000,5000,'2019-12-27 09:21:53','2019-12-27 09:21:53'),(70,1,'2019-12-27 16:22:43',50000,5000,55000,60000,5000,'2019-12-27 09:22:43','2019-12-27 09:22:43'),(71,1,'2019-12-27 16:28:36',50000,5000,55000,60000,5000,'2019-12-27 09:28:36','2019-12-27 09:28:36'),(72,1,'2019-12-27 16:28:58',50000,5000,55000,60000,5000,'2019-12-27 09:28:58','2019-12-27 09:28:58'),(73,1,'2019-12-27 16:29:31',50000,5000,55000,60000,5000,'2019-12-27 09:29:31','2019-12-27 09:29:31'),(74,1,'2019-12-27 16:34:34',50000,5000,55000,60000,5000,'2019-12-27 09:34:34','2019-12-27 09:34:34'),(75,1,'2019-12-27 16:35:45',50000,5000,55000,60000,5000,'2019-12-27 09:35:45','2019-12-27 09:35:45'),(76,1,'2019-12-27 16:37:06',50000,5000,55000,60000,5000,'2019-12-27 09:37:06','2019-12-27 09:37:06'),(77,1,'2019-12-27 16:37:58',50000,5000,55000,60000,5000,'2019-12-27 09:37:58','2019-12-27 09:37:58'),(78,1,'2019-12-27 16:38:45',100000,10000,110000,110000,0,'2019-12-27 09:38:45','2019-12-27 09:38:45'),(79,1,'2019-12-27 19:08:33',50000,5000,55000,60000,5000,'2019-12-27 12:08:33','2019-12-27 12:08:33'),(81,1,'2019-12-27 19:41:46',50000,5000,55000,60000,5000,'2019-12-27 12:41:46','2019-12-27 12:41:46'),(82,1,'2020-01-01 10:40:22',75000,7500,82500,100000,17500,'2020-01-01 03:40:22','2020-01-01 03:40:22');
/*!40000 ALTER TABLE `orders` ENABLE KEYS */;
UNLOCK TABLES;

--
-- Table structure for table `products`
--

DROP TABLE IF EXISTS `products`;
/*!40101 SET @saved_cs_client     = @@character_set_client */;
/*!40101 SET character_set_client = utf8 */;
CREATE TABLE `products` (
  `id` bigint(20) unsigned NOT NULL AUTO_INCREMENT,
  `id_category` bigint(20) unsigned NOT NULL,
  `name` varchar(191) NOT NULL,
  `image` varchar(255) DEFAULT NULL,
  `price` decimal(10,0) NOT NULL,
  `created_at` timestamp NOT NULL DEFAULT CURRENT_TIMESTAMP,
  `updated_at` timestamp NOT NULL DEFAULT CURRENT_TIMESTAMP ON UPDATE CURRENT_TIMESTAMP,
  PRIMARY KEY (`id`),
  KEY `FK_Products_Categories_idx` (`id_category`),
  CONSTRAINT `FK_Products_Categories` FOREIGN KEY (`id_category`) REFERENCES `categories` (`id`) ON UPDATE CASCADE
) ENGINE=InnoDB AUTO_INCREMENT=10 DEFAULT CHARSET=utf8mb4;
/*!40101 SET character_set_client = @saved_cs_client */;

--
-- Dumping data for table `products`
--

LOCK TABLES `products` WRITE;
/*!40000 ALTER TABLE `products` DISABLE KEYS */;
INSERT INTO `products` VALUES (1,1,'KING DEALS CHEESEBURGER','15770751472UgqQ55W.jpg',25000,'2019-12-23 04:25:47','2019-12-23 04:25:47'),(2,2,'KING DEALS KING CHICKEN FILLET','1577075168ngxFw26W.jpg',25000,'2019-12-23 04:26:08','2019-12-27 11:23:58'),(3,1,'KING DEALS FISH FILLET','15770751867tsDbKOc.jpg',25000,'2019-12-23 04:26:26','2019-12-23 04:26:26'),(4,1,'KING DEALS WHOPPER JR®','1577075245XRWO29k3.jpg',25000,'2019-12-23 04:27:25','2019-12-23 04:27:25'),(5,2,'KING DEAL AYAM GORENG CHEESY','1577075263jpLNhu7K.jpg',25000,'2019-12-23 04:27:43','2019-12-27 11:23:58'),(6,1,'KING DEALS CHEESEBURGER DELUXE','1577075275Zaa6Vkzt.jpg',30000,'2019-12-23 04:27:55','2019-12-23 04:30:38'),(7,1,'KING DEALS CHEESY BEEF BURGER','1577075296FRlMR4GG.jpg',25000,'2019-12-23 04:28:16','2019-12-23 04:28:16'),(8,1,'KING DEALS CHEESY CHEESEBURGER','15770753106k86jnkV.jpg',30000,'2019-12-23 04:28:30','2019-12-23 04:30:28'),(9,1,'KING DEALS CHEESY CHICKEN BURGER','1577075326eyK0QVey.jpg',25000,'2019-12-23 04:28:46','2019-12-23 04:28:46');
/*!40000 ALTER TABLE `products` ENABLE KEYS */;
UNLOCK TABLES;

--
-- Table structure for table `settings`
--

DROP TABLE IF EXISTS `settings`;
/*!40101 SET @saved_cs_client     = @@character_set_client */;
/*!40101 SET character_set_client = utf8 */;
CREATE TABLE `settings` (
  `id` bigint(20) unsigned NOT NULL AUTO_INCREMENT,
  `name` varchar(255) NOT NULL,
  `type` varchar(255) NOT NULL,
  `value` text CHARACTER SET utf8 NOT NULL,
  `created_at` timestamp NULL DEFAULT CURRENT_TIMESTAMP,
  `updated_at` timestamp NULL DEFAULT CURRENT_TIMESTAMP ON UPDATE CURRENT_TIMESTAMP,
  PRIMARY KEY (`id`)
) ENGINE=InnoDB AUTO_INCREMENT=6 DEFAULT CHARSET=utf8mb4;
/*!40101 SET character_set_client = @saved_cs_client */;

--
-- Dumping data for table `settings`
--

LOCK TABLES `settings` WRITE;
/*!40000 ALTER TABLE `settings` DISABLE KEYS */;
INSERT INTO `settings` VALUES (1,'name','text','POS','2019-12-26 07:37:11','2020-01-01 09:44:45'),(2,'logo','file','1577357699YLHBdyJX.jpg','2019-12-26 07:37:11','2019-12-26 10:54:59'),(3,'address','textarea','STASIUN KERETA API BOJONG GEDE\r\nBOGOR','2019-12-26 07:37:11','2020-01-01 09:44:45'),(4,'phone','text','021100100','2019-12-26 07:37:11','2020-01-01 09:44:45'),(5,'tax','text','10','2019-12-26 07:38:26','2020-01-01 09:44:45');
/*!40000 ALTER TABLE `settings` ENABLE KEYS */;
UNLOCK TABLES;

--
-- Table structure for table `user_types`
--

DROP TABLE IF EXISTS `user_types`;
/*!40101 SET @saved_cs_client     = @@character_set_client */;
/*!40101 SET character_set_client = utf8 */;
CREATE TABLE `user_types` (
  `id` bigint(20) unsigned NOT NULL AUTO_INCREMENT,
  `name` varchar(255) CHARACTER SET utf8 NOT NULL,
  `created_at` timestamp NULL DEFAULT CURRENT_TIMESTAMP,
  `updated_at` timestamp NULL DEFAULT CURRENT_TIMESTAMP ON UPDATE CURRENT_TIMESTAMP,
  PRIMARY KEY (`id`)
) ENGINE=InnoDB AUTO_INCREMENT=3 DEFAULT CHARSET=utf8mb4;
/*!40101 SET character_set_client = @saved_cs_client */;

--
-- Dumping data for table `user_types`
--

LOCK TABLES `user_types` WRITE;
/*!40000 ALTER TABLE `user_types` DISABLE KEYS */;
INSERT INTO `user_types` VALUES (1,'admin','2019-12-23 03:44:22','2019-12-23 03:44:29'),(2,'cashier','2019-12-23 03:44:22','2019-12-23 03:44:29');
/*!40000 ALTER TABLE `user_types` ENABLE KEYS */;
UNLOCK TABLES;

--
-- Table structure for table `users`
--

DROP TABLE IF EXISTS `users`;
/*!40101 SET @saved_cs_client     = @@character_set_client */;
/*!40101 SET character_set_client = utf8 */;
CREATE TABLE `users` (
  `id` bigint(20) unsigned NOT NULL AUTO_INCREMENT,
  `id_user_type` bigint(20) unsigned NOT NULL,
  `name` varchar(255) CHARACTER SET utf8 NOT NULL,
  `email` varchar(255) CHARACTER SET utf8 NOT NULL,
  `password` varchar(255) CHARACTER SET utf8 NOT NULL,
  `created_at` timestamp NULL DEFAULT CURRENT_TIMESTAMP,
  `updated_at` timestamp NULL DEFAULT CURRENT_TIMESTAMP ON UPDATE CURRENT_TIMESTAMP,
  PRIMARY KEY (`id`),
  KEY `FK_Users_UserTypes_idx` (`id_user_type`),
  CONSTRAINT `FK_Users_UserTypes` FOREIGN KEY (`id_user_type`) REFERENCES `user_types` (`id`) ON UPDATE CASCADE
) ENGINE=InnoDB AUTO_INCREMENT=5 DEFAULT CHARSET=utf8mb4;
/*!40101 SET character_set_client = @saved_cs_client */;

--
-- Dumping data for table `users`
--

LOCK TABLES `users` WRITE;
/*!40000 ALTER TABLE `users` DISABLE KEYS */;
INSERT INTO `users` VALUES (1,1,'Administrator','admin@demo.com','$2y$10$XsqXzDJHyqCRXNWvXzWa7.9EsKddUmiZd51aP.A9WoRfX8l5RekYW','2019-12-23 03:43:42','2019-12-23 03:44:02'),(2,2,'Yusuf','yusuf@demo.com','$2y$10$6MvfZ9DN8eL9o4HYtJ853eB.cIjQSicrxfqkYfR94Hdzdwdu7kL.u','2019-12-26 07:05:12','2019-12-30 06:33:39'),(3,2,'Mela','mela@demo.com','$2y$10$fU3AoqdbXHLhODNUBPkMxuE.If7B83234XJnpsFB4FwSAF/wgPcee','2019-12-26 07:09:47','2019-12-26 07:09:47'),(4,2,'Melo','melo@demo.com','$2y$10$yhDbE.gbqGBzW8OJlyPWleKOcW8ANBOQIV1ezzArh9L.6YE8j95ZO','2019-12-26 09:28:49','2019-12-26 09:28:49');
/*!40000 ALTER TABLE `users` ENABLE KEYS */;
UNLOCK TABLES;
/*!40103 SET TIME_ZONE=@OLD_TIME_ZONE */;

/*!40101 SET SQL_MODE=@OLD_SQL_MODE */;
/*!40014 SET FOREIGN_KEY_CHECKS=@OLD_FOREIGN_KEY_CHECKS */;
/*!40014 SET UNIQUE_CHECKS=@OLD_UNIQUE_CHECKS */;
/*!40101 SET CHARACTER_SET_CLIENT=@OLD_CHARACTER_SET_CLIENT */;
/*!40101 SET CHARACTER_SET_RESULTS=@OLD_CHARACTER_SET_RESULTS */;
/*!40101 SET COLLATION_CONNECTION=@OLD_COLLATION_CONNECTION */;
/*!40111 SET SQL_NOTES=@OLD_SQL_NOTES */;

-- Dump completed on 2020-02-03 14:38:29
